Date1,Date2,Category,Name
2024年10月7日 上午10:55:48,2024年10月7日 上午10:55:48,,[orion origin] Chi. Chikyuu no Undou ni Tsuite [01] [1080p] [H265 AAC] [CHT＆JPN].mp4
2024年10月7日 上午10:55:48,2024年10月7日 上午10:55:48,,[ANi] 被逐出隊伍的治癒師，其實是最強 - 01 [1080P][Baha][WEB-DL][AAC AVC][CHT].mp4
2024年10月7日 上午5:23:21,2024年10月7日 上午10:18:16,Movies,Deadpool & Wolverine
2024年10月7日 上午5:21:39,2024年10月7日 上午9:53:50,Movies,Azrael
2024年10月7日 上午9:49:52,2024年10月7日 上午9:49:52,,[ANi] 女僕冥土小姐 - 01 [1080P][Baha][WEB-DL][AAC AVC][CHT].mp4
2024年10月5日 上午4:56:51,2024年10月5日 上午5:18:15,,[MCE][Hamidashi Creative][01][BIG5][1080p][x264 AAC].mp4
2024年10月5日 上午4:53:37,2024年10月5日 上午4:53:37,,[ANi] 2.5 次元的誘惑 - 14 [1080P][Baha][WEB-DL][AAC AVC][CHT].mp4
2024年10月4日 下午12:16:54,2024年10月4日 下午12:16:54,,[ANi] 再見龍生，你好人生 - 01 [1080P][Baha][WEB-DL][AAC AVC][CHT].mp4
2024年10月4日 下午12:16:49,2024年10月4日 下午12:16:49,,[ANi] 孤單一人的異世界攻略 - 02 [1080P][Baha][WEB-DL][AAC AVC][CHT].mp4
2024年10月4日 下午12:15:59,2024年10月4日 下午12:15:59,,[ANi] 膽大黨 - 01 [1080P][Baha][WEB-DL][AAC AVC][CHT].mp4
2024年10月4日 下午12:15:28,2024年10月4日 下午12:15:28,,[ANi] 在地下城尋求邂逅是否搞錯了什麼 第五季 - 01 [1080P][Baha][WEB-DL][AAC AVC][CHT].mp4
2024年9月24日 上午9:16:07,2024年9月24日 上午9:16:07,XXX,2128.【1234VV.COM】-顶级牛逼大师驾到！魔豆圈内大牌人体摄影巨佬【王动WANIMAL】未流出拍摄花絮
2024年9月24日 上午8:15:50,2024年9月24日 上午8:15:50,,595
2024年10月6日 上午7:18:35,2024年10月6日 上午7:18:35,Movies,Tulsa King
2024年9月24日 上午2:50:06,2024年9月24日 上午2:50:06,,setup_gdysgl001_v120.7z
2024年10月3日 上午5:54:58,2024年10月5日 上午4:59:52,,FKDYZJ
2024年10月3日 上午5:21:24,2024年10月5日 上午3:23:55,,8
2024年10月3日 上午7:04:30,2024年10月5日 上午3:18:37,,ww0407 (4)
2024年10月3日 上午11:38:43,2024年10月4日 下午2:32:02,XXX,510
2024年10月3日 下午12:28:49,2024年10月4日 上午11:08:09,XXX,2128.【1234VV.COM】-顶级牛逼大师驾到！魔豆圈内大牌人体摄影巨佬【王动WANIMAL】未流出拍摄花絮
2024年10月3日 上午10:45:24,2024年10月4日 上午10:17:04,,2073.【1234VV.COM】-顶级身材反差网红！推特喜欢露出的女神【爱LC的小狐狸】私拍，超市景区娱乐场各种日常性感出行
2024年10月3日 下午1:06:11,2024年10月3日 下午1:06:11,XXX,298
2024年10月3日 上午6:27:03,2024年10月3日 上午6:27:03,,595
2024年10月6日 下午12:40:46,2024年10月6日 下午4:41:24,,[Comicat][Giji Harem][01-12][1080P][GB][MP4]
2024年10月6日 下午12:50:21,2024年10月6日 下午12:50:21,,[荻原沙优][ばにぃうぉ～か～]OVA 陰キャカップルが陽ギャル達とSEXトレーニン#1-2
2024年9月24日 上午11:49:19,2024年9月24日 上午11:49:19,,setup_gdysgl001_v120.7z
2024年10月7日 上午4:36:09,2024年10月7日 上午4:36:09,,(C103) [みたらし倶楽部 (みたらし侯成)] 秋子さんといっしょ29 (カノン) [無修正] [DL版].zip
2024年10月7日 上午3:59:01,2024年10月7日 上午3:59:01,,(同人誌) [ie] 心配だと言われて連れて来られた飲み会 (オリジナル).zip
2024年10月7日 上午3:18:27,2024年10月7日 上午3:18:27,,(同人誌) [JKぱすた (倉田むと)] パコパコ催眠JK5～生意気ギャルの放課後性事情～ (オリジナル) [DL版].zip
2024年10月6日 上午1:43:18,2024年10月7日 上午3:42:32,XXX,kfa55.com@SONE400
2024年10月5日 下午1:10:51,2024年10月5日 下午1:10:51,,[ANi] 膽大黨 - 01 [1080P][Baha][WEB-DL][AAC AVC][CHT].mp4
2024年10月4日 下午12:59:53,2024年10月4日 下午12:59:53,XXX,kfa55.com@NKKD265
2024年9月23日 上午8:48:35,2024年9月24日 上午10:50:19,,setup_gdysgl001_v120.7z
2024年10月6日 下午4:33:24,2024年10月6日 下午4:56:51,,[ANi] 嘆氣的亡靈想隱退 - 02 [1080P][Baha][WEB-DL][AAC AVC][CHT].mp4
2024年10月6日 下午2:09:23,2024年10月6日 下午2:09:23,,[ANi] 女僕冥土小姐 - 01 [1080P][Baha][WEB-DL][AAC AVC][CHT].mp4
2024年10月6日 上午10:55:55,2024年10月6日 上午10:55:55,,[Nekomoe kissaten][Ao no Hako][02][1080p][JPSC].mp4
2024年10月5日 下午12:56:08,2024年10月5日 下午5:27:23,Movies,Dandadan
2024年10月5日 上午9:36:36,2024年10月5日 上午9:36:36,,[ANi] 在地下城尋求邂逅是否搞錯了什麼 第五季 - 01 [1080P][Baha][WEB-DL][AAC AVC][CHT].mp4
2024年10月5日 上午8:11:47,2024年10月5日 上午9:05:54,,[ANi] 聽說你們要結婚！？ - 01 [1080P][Baha][WEB-DL][AAC AVC][CHT].mp4
2024年9月23日 上午9:49:50,2024年9月23日 上午9:49:50,,setup_gdysgl001_v120.7z
2024年10月4日 上午10:36:37,2024年10月4日 下午1:36:31,,[KitaujiSub] Make Heroine ga Oosugiru! [12][WebRip][HEVC_AAC][CHS_JP].mp4
2024年10月5日 上午3:47:23,2024年10月5日 上午5:47:20,,[ANi] 結緣甘神神社 - 01 [1080P][Baha][WEB-DL][AAC AVC][CHT].mp4
2024年10月5日 上午1:50:55,2024年10月5日 上午1:50:55,,[ANi] 刀劍神域外傳 Gun Gale Online II - 01 [1080P][Baha][WEB-DL][AAC AVC][CHT].mp4
2024年10月5日 上午1:48:47,2024年10月5日 上午1:48:47,,[ANi] 2.5 次元的誘惑 - 14 [1080P][Baha][WEB-DL][AAC AVC][CHT].mp4
2024年10月6日 上午1:19:44,2024年10月6日 上午1:19:44,,琉璃神社壁纸包 2024年9月号.zip
2024年9月24日 上午9:49:20,2024年9月24日 上午9:49:20,,setup_gdysgl001_v120.7z
2024年10月7日 上午12:56:00,2024年10月7日 上午1:08:59,,[Nekomoe kissaten][Ao no Hako][02][1080p][JPSC].mp4
2024年9月24日 上午3:49:11,2024年9月24日 上午3:49:11,,setup_gdysgl001_v120.7z
2024年10月7日 下午12:42:15,2024年10月7日 下午1:43:20,,[KitaujiSub] Make Heroine ga Oosugiru! [12][WebRip][HEVC_AAC][CHS_JP&CHT_JP].mkv
2024年10月7日 上午11:08:26,2024年10月7日 下午1:08:23,,[Nekomoe kissaten][Ao no Hako][02][1080p][JPSC].mp4
2024年10月7日 上午9:56:22,2024年10月7日 上午9:56:22,,[ANi] 嘆氣的亡靈想隱退 - 02 [1080P][Baha][WEB-DL][AAC AVC][CHT].mp4
2024年9月26日 下午5:39:10,2024年9月26日 下午5:39:10,,[Sakurato] Yoru no Kurage wa Oyogenai [01][AVC-8bit 1080p AAC][CHS].mp4
2024年9月26日 下午5:17:40,2024年9月26日 下午5:17:40,,[KitaujiSub] Shuumatsu Train Doko e Iku [03][WebRip][HEVC_AAC][CHS].mp4
2024年9月26日 下午4:09:46,2024年9月26日 下午4:09:46,Movies,"Maou no Ore ga Dorei Elf wo Yome ni Shitanda ga, Dou Medereba Ii?"
2024年9月26日 上午8:15:03,2024年9月26日 上午8:15:03,Movies,"Maou no Ore ga Dorei Elf wo Yome ni Shitanda ga, Dou Medereba Ii?"
2024年9月26日 上午7:10:44,2024年9月26日 上午7:10:44,,[Sakurato] Yoru no Kurage wa Oyogenai [03][AVC-8bit 1080p AAC][CHS].mp4
2024年10月3日 上午12:55:39,2024年10月3日 上午12:55:39,,[MingY] Senpai wa Otokonoko [12][1080p][CHS&JPN].mp4
2024年9月23日 上午9:49:50,2024年9月23日 上午9:49:50,,setup_gdysgl001_v120.7z
2024年10月7日 上午8:56:45,2024年10月7日 下午10:55:49,,[Nekomoe kissaten&LoliHouse] KamiErabi GOD.app - 13 [WebRip 1080p HEVC-10bit AAC ASSx2].mkv
2024年10月5日 上午10:50:47,2024年10月7日 下午11:46:12,,蓝箱EP01.mp4
2024年10月5日 上午10:11:49,2024年10月7日 下午5:59:55,,[炫樱字幕组] 成为名垂青史的反派大小姐吧  Rekishi ni Nokoru Akujo ni Naru zo - 01 (1920x1080 H264).mp4
2024年10月4日 下午12:03:40,2024年10月4日 下午12:03:40,,[ANi] 膽大黨 - 01 [1080P][Baha][WEB-DL][AAC AVC][CHT].mp4
2024年10月4日 上午8:28:50,2024年10月4日 上午8:28:50,,[ANi] Re：從零開始的異世界生活 第三季 - 01 [1080P][Baha][WEB-DL][AAC AVC][CHT].mp4
2024年9月24日 上午6:52:13,2024年9月25日 下午3:57:11,,[Sakurato] Yoru no Kurage wa Oyogenai [04][AVC-8bit 1080p AAC][CHS].mp4
2024年9月24日 上午5:15:46,2024年9月25日 下午3:26:29,Movies,Shiro Seijo to Kuro Bokushi
2024年9月24日 上午6:06:09,2024年9月25日 上午9:29:04,,[LoliHouse] Sasaki to P-chan - 12 [WebRip 1080p HEVC-10bit AAC ASSx2].mkv
2024年9月24日 上午5:02:34,2024年9月25日 上午7:35:11,,[KitaujiSub] Shuumatsu Train Doko e Iku [02][WebRip][HEVC_AAC][CHS].mp4
2024年9月24日 上午8:30:48,2024年9月25日 上午6:24:45,,[Sakurato] Yoru no Kurage wa Oyogenai [03][AVC-8bit 1080p AAC][CHS].mp4
2024年9月24日 上午6:29:14,2024年9月24日 下午4:08:37,,[ANi] 夢想成為魔法少女 [年齡限制版] - 13 [1080P][Baha][WEB-DL][AAC AVC][CHT].mp4
2024年9月24日 上午6:28:12,2024年9月24日 下午4:08:12,Movies,Delicious in Dungeon
2024年9月24日 下午3:16:58,2024年9月24日 下午3:16:58,Movies,Metallic Rouge
2024年9月24日 下午2:13:44,2024年9月24日 下午2:13:44,,[Sakurato] Yoru no Kurage wa Oyogenai [01][AVC-8bit 1080p AAC][CHS].mp4
2024年9月24日 上午3:49:11,2024年9月24日 上午3:49:11,,setup_gdysgl001_v120.7z
2024年10月5日 下午2:20:05,2024年10月5日 下午2:20:05,Games,Farming Simulator 22 - Premium Edition [Steam-Rip] by Ksenia
2024年10月4日 上午2:45:26,2024年10月4日 上午2:45:26,,[ANi] 膽大黨 - 01 [1080P][Baha][WEB-DL][AAC AVC][CHT].mp4
2024年10月4日 上午1:58:42,2024年10月4日 上午1:58:42,,[ANi] 孤單一人的異世界攻略 - 02 [1080P][Baha][WEB-DL][AAC AVC][CHT].mp4
2024年10月3日 上午5:32:19,2024年10月5日 下午2:31:23,Movies,Euphoria
2024年10月3日 上午11:01:21,2024年10月5日 上午7:28:32,Movies,Euphoria
2024年10月3日 上午2:58:28,2024年10月3日 上午2:58:28,,[ANi] 結緣甘神神社 - 01 [1080P][Baha][WEB-DL][AAC AVC][CHT].mp4
2024年9月25日 上午5:55:46,2024年9月25日 上午5:55:46,XXX,ABF-083-UC
2024年9月23日 上午8:48:35,2024年9月24日 上午3:49:11,,setup_gdysgl001_v120.7z
2024年10月4日 下午5:52:26,2024年10月4日 下午5:52:26,,(同人CG集) [ほうき星] 2024／09／21 藤田ことね (学園アイドルマスター) [無修正].zip
2024年10月4日 上午12:49:11,2024年10月4日 上午12:49:11,,[电影天堂www.dytt89.com]刺猬-2024_HD国语中英双字.mp4
2024年9月25日 上午8:08:54,2024年9月25日 上午8:08:54,,[DBD-Raws][租借女友 第三季][01-12TV全集][1080P][BDRip][HEVC-10bit][简繁外挂][FLACx2][MKV]
2024年10月6日 上午9:12:13,2024年10月6日 上午9:12:13,Movies,The Killer's Game
2024年10月6日 上午4:45:09,2024年10月6日 上午4:45:09,Movies,Deadpool & Wolverine
2024年10月4日 上午7:13:34,2024年10月4日 上午7:13:34,,[ANi] 膽大黨 - 01 [1080P][Baha][WEB-DL][AAC AVC][CHT].mp4
2024年10月7日 下午3:31:18,2024年10月7日 下午4:31:11,Movies,Ragna Crimson
2024年10月7日 下午3:25:29,2024年10月7日 下午4:25:16,,[KitaujiSub] Katsute Mahou Shoujo to Aku wa Tekitai shiteita [12][WebRip][HEVC_AAC][CHS_JP&CHT_JP].mkv
2024年10月7日 上午8:19:26,2024年10月7日 下午4:18:28,,[LoliHouse] Isekai Shikkaku [01-12][WebRip 1080p HEVC-10bit AAC]
2024年10月7日 下午3:17:27,2024年10月7日 下午4:17:23,,[LoliHouse] Isekai Shikkaku - 12 [WebRip 1080p HEVC-10bit AAC SRTx2].mkv
2024年10月7日 下午4:15:50,2024年10月7日 下午4:15:50,Movies,Wind Breaker
2024年10月7日 下午3:14:26,2024年10月7日 下午4:14:38,Movies,Delicious in Dungeon
2024年10月7日 上午9:04:21,2024年10月7日 下午4:03:39,Movies,Delicious in Dungeon
2024年10月7日 下午3:02:22,2024年10月7日 下午4:02:31,Movies,Delicious in Dungeon
2024年10月7日 下午4:01:50,2024年10月7日 下午4:01:50,Movies,Metallic Rouge
2024年10月7日 下午3:24:00,2024年10月7日 下午3:55:16,Movies,Delicious in Dungeon
2024年10月7日 下午3:53:43,2024年10月7日 下午3:53:43,,[KitaujiSub] Katsute Mahou Shoujo to Aku wa Tekitai shiteita [12][WebRip][HEVC_AAC][CHS_JP].mp4
2024年10月7日 下午3:47:43,2024年10月7日 下午3:47:43,Movies,"Maou no Ore ga Dorei Elf wo Yome ni Shitanda ga, Dou Medereba Ii?"
2024年10月7日 下午3:43:59,2024年10月7日 下午3:43:59,Movies,"Maou no Ore ga Dorei Elf wo Yome ni Shitanda ga, Dou Medereba Ii?"
2024年10月7日 上午7:34:17,2024年10月7日 上午8:35:17,,RJ01045491.7z
2024年10月7日 上午8:19:19,2024年10月7日 上午8:19:19,,[KitaujiSub] Katsute Mahou Shoujo to Aku wa Tekitai shiteita [10][WebRip][HEVC_AAC][CHS_JP].mp4
2024年10月7日 上午12:32:49,2024年10月7日 上午12:32:49,Movies,The Wild Robot
2024年10月6日 下午6:56:39,2024年10月7日 下午11:48:34,,[Up to 21°C] 【我推的孩子】 - 24 (Baha 1920x1080 AVC AAC MP4) [7D9AC945].mp4
2024年9月26日 上午8:51:43,2024年9月26日 上午8:51:43,,setup_gdysgl001_v120.7z
2024年9月24日 上午9:49:15,2024年9月24日 上午9:49:15,,setup_gdysgl001_v120.7z
2024年10月5日 下午1:51:20,2024年10月5日 下午1:51:20,,蓝箱EP01.mp4
2024年10月3日 下午5:41:53,2024年10月4日 上午5:29:43,,[ANi] Re：從零開始的異世界生活 第三季 - 01 [1080P][Baha][WEB-DL][AAC AVC][CHT].mp4
2024年9月24日 上午2:49:59,2024年9月24日 上午8:49:31,,setup_gdysgl001_v120.7z
2024年10月3日 下午1:33:25,2024年10月7日 上午11:21:17,,西君
2024年10月3日 下午12:02:03,2024年10月7日 上午8:30:11,XXX,Kennedy Leigh - Jules Jordan Gets A Taste Of Sweet Teen Ass.mp4
2024年9月23日 上午9:49:55,2024年9月23日 上午9:49:55,,setup_gdysgl001_v120.7z
2024年10月7日 上午5:04:59,2024年10月7日 上午8:30:58,,[ANi] 膽大黨 - 01 [1080P][Baha][WEB-DL][AAC AVC][CHT].mp4
2024年10月7日 下午12:42:06,2024年10月7日 下午12:42:06,Movies,Dandadan
2024年10月4日 上午8:23:18,2024年10月4日 上午8:23:18,Movies,Re:Zero kara hajimeru isekai seikatsu
2024年10月3日 上午6:55:33,2024年10月3日 上午8:55:32,,RJ01267164.zip
2024年10月6日 上午2:45:55,2024年10月6日 上午5:45:31,,[Sakurato] Monogatari Series： Off & Monster Season [11][AVC-8bit 1080p AAC][CHS].mp4
2024年10月4日 上午8:56:48,2024年10月4日 下午12:56:33,,[ANi] 當不成魔法師的女孩 - 01 [1080P][Baha][WEB-DL][AAC AVC][CHT].mp4
2024年9月23日 上午9:49:52,2024年9月23日 上午9:49:52,,setup_gdysgl001_v120.7z
2024年10月7日 上午5:15:03,2024年10月7日 上午5:15:03,,小伙约操高颜值女同事⭐说好只拍操逼不拍她脸⭐脸也录下来了
2024年10月3日 上午4:03:18,2024年10月3日 上午4:03:18,,死S与金G狼.6v电影 地址发布页 www.6v123.net 收藏不迷路
2024年9月24日 上午8:49:35,2024年9月24日 上午8:49:35,,setup_gdysgl001_v120.7z
2024年10月6日 下午3:47:52,2024年10月6日 下午3:47:52,XXX,FC2PPV-4544448
2024年9月23日 上午8:48:35,2024年9月23日 上午8:48:35,,setup_gdysgl001_v120.7z
2024年9月23日 上午8:48:35,2024年9月23日 上午8:48:35,,setup_gdysgl001_v120.7z
2024年10月6日 上午7:58:17,2024年10月6日 上午7:58:17,Movies,Boku no Hero Academia
2024年10月6日 下午12:42:06,2024年10月6日 下午12:42:06,Movies,It Ends with Us
2024年9月24日 上午11:49:19,2024年9月24日 上午11:49:19,,setup_gdysgl001_v120.7z
2024年10月7日 上午3:27:11,2024年10月7日 上午3:27:11,,琉璃神社壁纸包 2024年3月号.7z
2024年10月6日 下午7:12:48,2024年10月7日 下午4:13:30,,[荻原沙优][あんてきぬすっ]OVAみだれうち ＃1-#2
2024年10月5日 下午5:40:22,2024年10月5日 下午5:40:22,,[中文字幕][survive more]魔眼催●〜シノビ孕マセ計画〜【琉璃神社 www.hacg.me】 .mkv
2024年10月4日 下午5:26:24,2024年10月7日 下午4:32:38,,COMIC BAVEL 2024年3月号 [中国翻訳] [無修正] [DL版].zip
2024年10月4日 下午5:53:32,2024年10月4日 下午5:53:32,,琉璃神社壁纸包 2024年9月号.zip
2024年10月4日 上午5:26:12,2024年10月4日 上午5:26:12,,[ANi] 聽說你們要結婚！？ - 01 [1080P][Baha][WEB-DL][AAC AVC][CHT].mp4
2024年10月3日 上午7:53:19,2024年10月5日 下午3:15:26,,琉璃神社壁纸包 2024年4月号.zip
2024年10月3日 下午12:56:53,2024年10月4日 上午8:14:36,,[ANi] Re：從零開始的異世界生活 第三季 - 01 [1080P][Baha][WEB-DL][AAC AVC][CHT].mp4
2024年9月24日 上午8:49:33,2024年9月24日 上午8:49:33,,setup_gdysgl001_v120.7z
2024年9月26日 上午7:13:23,2024年9月26日 下午1:46:54,XXX,510
2024年9月26日 上午8:48:17,2024年9月26日 上午8:48:17,,2073.【1234VV.COM】-顶级身材反差网红！推特喜欢露出的女神【爱LC的小狐狸】私拍，超市景区娱乐场各种日常性感出行
2024年9月25日 上午6:21:59,2024年9月26日 上午6:26:27,XXX,298
2024年9月25日 上午9:23:23,2024年9月26日 上午4:53:23,,595
2024年10月7日 上午5:30:41,2024年10月7日 上午5:30:41,Movies,Joker: Folie à Deux
2024年9月24日 上午8:49:33,2024年9月24日 上午8:49:33,,setup_gdysgl001_v120.7z
2024年10月6日 下午7:04:14,2024年10月7日 下午12:55:25,Music,"The Economist Audio Edition - September 07, 2024 mp3"
2024年10月5日 下午1:10:22,2024年10月7日 下午10:11:23,Movies,The Master and Margarita
2024年10月4日 上午5:49:14,2024年10月4日 上午5:49:14,,[ANi] 膽大黨 - 01 [1080P][Baha][WEB-DL][AAC AVC][CHT].mp4
2024年10月4日 上午5:48:11,2024年10月4日 上午5:48:11,,[ANi] 聽說你們要結婚！？ - 01 [1080P][Baha][WEB-DL][AAC AVC][CHT].mp4
2024年9月24日 上午9:49:15,2024年9月26日 上午3:51:29,,setup_gdysgl001_v120.7z
2024年9月24日 上午3:49:23,2024年9月24日 上午3:49:23,,setup_gdysgl001_v120.7z
2024年10月7日 上午4:51:43,2024年10月7日 上午4:56:43,,[ANi] 【我推的孩子】 - 24 [1080P][Baha][WEB-DL][AAC AVC][CHT].mp4
2024年9月25日 上午8:51:02,2024年9月25日 上午8:51:02,,setup_gdysgl001_v120.7z
2024年10月5日 下午1:42:55,2024年10月5日 下午1:42:55,,[ANi] 刀劍神域外傳 Gun Gale Online II - 01 [1080P][Baha][WEB-DL][AAC AVC][CHT].mp4
2024年9月23日 上午9:49:52,2024年9月23日 上午9:49:52,,setup_gdysgl001_v120.7z
2024年9月26日 上午4:16:23,2024年9月26日 上午6:16:16,Movies,Delicious in Dungeon
2024年9月26日 上午5:45:52,2024年9月26日 上午5:45:52,,[KitaujiSub] Shuumatsu Train Doko e Iku [01v2][WebRip][HEVC_AAC][CHS].mp4
2024年9月26日 上午5:35:05,2024年9月26日 上午5:35:05,Movies,Ragna Crimson
2024年9月26日 上午4:59:48,2024年9月26日 上午5:21:08,Movies,Delicious in Dungeon
2024年9月26日 上午5:19:21,2024年9月26日 上午5:19:21,,[Sakurato] Yoru no Kurage wa Oyogenai [01][AVC-8bit 1080p AAC][CHS].mp4
2024年9月26日 上午5:04:34,2024年9月26日 上午5:04:34,Movies,Delicious in Dungeon
2024年9月26日 上午5:02:20,2024年9月26日 上午5:02:20,Movies,Delicious in Dungeon
2024年9月26日 上午4:42:19,2024年9月26日 上午4:42:19,,[KitaujiSub] Shuumatsu Train Doko e Iku [03][WebRip][HEVC_AAC][CHS].mp4
2024年9月26日 上午4:28:32,2024年9月26日 上午4:28:32,,[LoliHouse] Sasaki to P-chan - 12 [WebRip 1080p HEVC-10bit AAC ASSx2].mkv
2024年9月26日 上午4:21:05,2024年9月26日 上午4:21:05,Movies,Wind Breaker
2024年9月23日 上午9:49:59,2024年9月23日 上午9:49:59,,setup_gdysgl001_v120.7z
2024年10月6日 上午9:44:12,2024年10月6日 上午9:44:12,Movies,ATRI: My Dear Moments
2024年10月4日 下午2:55:54,2024年10月4日 下午2:55:54,,[orion origin] Nige Jouzu no Wakagimi [12] [END] [1080p] [H265 AAC] [CHS＆JPN].mp4
2024年9月24日 上午8:49:33,2024年9月24日 上午8:49:33,,setup_gdysgl001_v120.7z
2024年10月4日 下午6:31:42,2024年10月5日 上午2:58:04,,[ANi] 物語系列 第外季＆第怪季 - 11 [1080P][Baha][WEB-DL][AAC AVC][CHT].mp4
2024年10月4日 下午1:25:23,2024年10月4日 下午1:25:23,,[ANi] 膽大黨 - 01 [1080P][Baha][WEB-DL][AAC AVC][CHT].mp4
2024年10月3日 下午4:30:38,2024年10月3日 下午4:30:38,,[ANi] 悲喜漁生（僅限港澳台地區） - 01 [1080P][Bilibili][WEB-DL][AAC AVC][CHT CHS].mp4
2024年10月4日 上午1:57:42,2024年10月4日 上午1:57:42,,西君
2024年9月23日 上午8:48:35,2024年9月25日 上午9:50:23,,setup_gdysgl001_v120.7z
2024年10月5日 上午1:48:53,2024年10月5日 上午1:48:53,,阳光电影dygod.org.死侍与金刚狼.2024.BD.1080P.中英双字.mkv
2024年10月4日 上午1:59:02,2024年10月4日 上午1:59:02,,[ANi] 孤單一人的異世界攻略 - 02 [1080P][Baha][WEB-DL][AAC AVC][CHT].mp4
2024年9月24日 上午8:49:33,2024年9月24日 上午9:49:15,,setup_gdysgl001_v120.7z
2024年10月7日 上午6:56:26,2024年10月7日 下午8:56:22,,[Nekomoe kissaten&LoliHouse] KamiErabi GOD.app - 13 [WebRip 1080p HEVC-10bit AAC ASSx2].mkv
2024年10月5日 下午1:51:17,2024年10月7日 下午11:46:32,,蓝箱EP01.mp4
2024年10月5日 上午10:11:49,2024年10月7日 下午5:59:55,,[炫樱字幕组] 成为名垂青史的反派大小姐吧  Rekishi ni Nokoru Akujo ni Naru zo - 01 (1920x1080 H264).mp4
2024年9月24日 上午9:49:15,2024年9月24日 上午9:49:15,,setup_gdysgl001_v120.7z
2024年10月4日 下午1:00:18,2024年10月4日 下午1:00:18,XXX,kfa55.com@NKKD265
2024年10月4日 上午11:13:23,2024年10月4日 上午11:13:23,XXX,kfa55.com@干妈说认识她目的就是操她屁眼
2024年10月4日 上午10:55:49,2024年10月4日 上午10:55:49,XXX,kfa55.com@ABF-153
2024年9月24日 上午3:49:23,2024年9月24日 上午3:49:23,,setup_gdysgl001_v120.7z
2024年10月3日 上午6:55:38,2024年10月3日 上午8:55:36,,RJ01267164.zip
2024年10月5日 下午2:20:05,2024年10月5日 下午2:20:05,Games,Farming Simulator 22 - Premium Edition [Steam-Rip] by Ksenia
2024年10月3日 上午11:01:21,2024年10月5日 上午7:28:32,Movies,Euphoria
2024年9月24日 上午8:49:33,2024年9月24日 上午8:49:33,,setup_gdysgl001_v120.7z
2024年10月7日 上午5:23:11,2024年10月7日 上午10:28:50,Movies,Azrael
2024年10月7日 上午5:23:27,2024年10月7日 上午5:23:27,Movies,Deadpool & Wolverine
2024年10月3日 上午5:54:45,2024年10月5日 上午5:09:24,,FKDYZJ
2024年10月3日 上午5:21:24,2024年10月5日 上午4:23:17,,8
2024年10月3日 上午7:04:30,2024年10月5日 上午3:18:37,,ww0407 (4)
2024年10月3日 上午11:38:40,2024年10月4日 下午2:32:02,XXX,510
2024年10月3日 上午6:27:03,2024年10月4日 下午12:19:33,,595
2024年10月3日 下午12:28:49,2024年10月4日 上午11:08:09,XXX,2128.【1234VV.COM】-顶级牛逼大师驾到！魔豆圈内大牌人体摄影巨佬【王动WANIMAL】未流出拍摄花絮
2024年10月3日 上午10:45:24,2024年10月4日 上午10:17:04,,2073.【1234VV.COM】-顶级身材反差网红！推特喜欢露出的女神【爱LC的小狐狸】私拍，超市景区娱乐场各种日常性感出行
2024年10月3日 下午1:06:11,2024年10月3日 下午1:06:11,XXX,298
2024年9月24日 上午8:49:33,2024年9月24日 上午8:49:33,,setup_gdysgl001_v120.7z
2024年10月6日 下午12:49:35,2024年10月6日 下午12:49:35,,[荻原沙优][ばにぃうぉ～か～]OVA 陰キャカップルが陽ギャル達とSEXトレーニン#1-2
2024年10月7日 上午9:55:54,2024年10月7日 上午9:55:54,,[ANi] 嘆氣的亡靈想隱退 - 02 [1080P][Baha][WEB-DL][AAC AVC][CHT].mp4
2024年9月23日 上午8:48:35,2024年9月23日 上午8:48:35,,setup_gdysgl001_v120.7z
2024年10月7日 上午9:49:50,2024年10月7日 上午9:49:50,,[ANi] 女僕冥土小姐 - 01 [1080P][Baha][WEB-DL][AAC AVC][CHT].mp4
2024年10月5日 上午4:53:37,2024年10月5日 上午4:53:37,,[ANi] 2.5 次元的誘惑 - 14 [1080P][Baha][WEB-DL][AAC AVC][CHT].mp4
2024年10月4日 下午12:21:00,2024年10月4日 下午12:21:00,,[ANi] 再見龍生，你好人生 - 01 [1080P][Baha][WEB-DL][AAC AVC][CHT].mp4
2024年10月4日 下午12:20:52,2024年10月4日 下午12:20:52,,[ANi] 孤單一人的異世界攻略 - 02 [1080P][Baha][WEB-DL][AAC AVC][CHT].mp4
2024年10月4日 下午12:18:22,2024年10月4日 下午12:18:22,,[ANi] 膽大黨 - 01 [1080P][Baha][WEB-DL][AAC AVC][CHT].mp4
2024年10月4日 下午12:16:35,2024年10月4日 下午12:16:35,,[ANi] 在地下城尋求邂逅是否搞錯了什麼 第五季 - 01 [1080P][Baha][WEB-DL][AAC AVC][CHT].mp4
2024年9月26日 下午5:39:10,2024年9月26日 下午5:39:10,,[Sakurato] Yoru no Kurage wa Oyogenai [01][AVC-8bit 1080p AAC][CHS].mp4
2024年9月26日 上午7:04:27,2024年9月26日 下午5:04:22,Movies,Delicious in Dungeon
2024年9月26日 下午4:09:46,2024年9月26日 下午4:09:46,Movies,"Maou no Ore ga Dorei Elf wo Yome ni Shitanda ga, Dou Medereba Ii?"
2024年9月26日 上午7:31:29,2024年9月26日 下午12:59:04,,[Sakurato] Yoru no Kurage wa Oyogenai [02][AVC-8bit 1080p AAC][CHS].mp4
2024年9月26日 上午8:48:17,2024年9月26日 上午8:48:17,,2073.【1234VV.COM】-顶级身材反差网红！推特喜欢露出的女神【爱LC的小狐狸】私拍，超市景区娱乐场各种日常性感出行
2024年9月25日 上午6:21:59,2024年9月26日 上午6:26:27,XXX,298
2024年9月25日 上午9:23:23,2024年9月26日 上午4:53:23,,595
2024年9月25日 上午6:45:23,2024年9月25日 上午6:45:23,XXX,2128.【1234VV.COM】-顶级牛逼大师驾到！魔豆圈内大牌人体摄影巨佬【王动WANIMAL】未流出拍摄花絮
2024年9月24日 上午9:49:15,2024年9月24日 上午9:49:15,,setup_gdysgl001_v120.7z
2024年10月7日 上午4:35:15,2024年10月7日 上午8:35:01,,RJ01045491.7z
2024年10月7日 上午3:27:11,2024年10月7日 上午3:27:11,,琉璃神社壁纸包 2024年3月号.7z
2024年10月6日 下午6:58:17,2024年10月7日 下午4:33:01,,COMIC BAVEL 2024年3月号 [中国翻訳] [無修正] [DL版].zip
2024年10月6日 下午7:12:48,2024年10月7日 下午4:13:30,,[荻原沙优][あんてきぬすっ]OVAみだれうち ＃1-#2
2024年10月3日 上午7:53:21,2024年10月5日 下午3:15:26,,琉璃神社壁纸包 2024年4月号.zip
2024年10月5日 下午2:23:31,2024年10月5日 下午2:23:31,,2024-09 Anime Collection
2024年10月4日 上午9:31:01,2024年10月4日 下午2:55:27,,[ANi] 當不成魔法師的女孩 - 01 [1080P][Baha][WEB-DL][AAC AVC][CHT].mp4
2024年9月24日 上午9:49:15,2024年9月24日 上午9:49:15,,setup_gdysgl001_v120.7z
2024年10月6日 下午6:56:39,2024年10月7日 下午10:49:39,,[Up to 21°C] 【我推的孩子】 - 24 (Baha 1920x1080 AVC AAC MP4) [7D9AC945].mp4
2024年10月6日 下午5:56:51,2024年10月6日 下午5:56:51,,[Up to 21°C] 女僕冥土小姐 - 01 (Baha 1920x1080 AVC AAC MP4) [E6FFDB41].mp4
2024年10月6日 下午7:04:14,2024年10月7日 下午9:55:09,Music,"The Economist Audio Edition - September 07, 2024 mp3"
2024年10月5日 下午1:10:22,2024年10月7日 下午10:11:23,Movies,The Master and Margarita
2024年9月24日 上午9:49:15,2024年9月24日 上午9:49:15,,setup_gdysgl001_v120.7z
2024年9月25日 上午3:47:35,2024年9月25日 上午3:47:35,,Cospuri 438-500
2024年9月24日 上午2:50:02,2024年9月24日 上午9:49:15,,setup_gdysgl001_v120.7z
2024年9月25日 下午4:38:09,2024年9月25日 下午4:38:09,XXX,BFFS 24 04 03 Sophia Burns Holly Day And Nia Bleu There Is Nothing Like Movie Night XXX 1080p HEVC x265 PRT
2024年9月24日 上午8:49:33,2024年9月24日 上午8:49:33,,setup_gdysgl001_v120.7z
2024年9月26日 上午8:51:40,2024年9月26日 上午8:52:44,,setup_gdysgl001_v120.7z
2024年10月6日 上午10:55:24,2024年10月6日 上午10:55:24,,eveestarr18
2024年9月24日 上午3:49:11,2024年9月24日 上午9:49:15,,setup_gdysgl001_v120.7z
2024年10月7日 上午5:30:30,2024年10月7日 上午5:30:30,Movies,Joker: Folie à Deux
2024年10月4日 下午8:56:06,2024年10月4日 下午8:56:06,,[ANi] 物語系列 第外季＆第怪季 - 11 [1080P][Baha][WEB-DL][AAC AVC][CHT].mp4
2024年10月4日 下午2:55:19,2024年10月4日 下午8:55:08,,[ANi] 膽大黨 - 01 [1080P][Baha][WEB-DL][AAC AVC][CHT].mp4
2024年10月3日 下午4:33:39,2024年10月3日 下午4:33:39,,[ANi] 悲喜漁生（僅限港澳台地區） - 01 [1080P][Bilibili][WEB-DL][AAC AVC][CHT CHS].mp4
2024年9月26日 上午5:02:20,2024年9月26日 上午6:02:26,Movies,Delicious in Dungeon
2024年9月26日 上午5:45:52,2024年9月26日 上午5:45:52,,[KitaujiSub] Shuumatsu Train Doko e Iku [01v2][WebRip][HEVC_AAC][CHS].mp4
2024年9月26日 上午4:59:48,2024年9月26日 上午5:21:08,Movies,Delicious in Dungeon
2024年9月26日 上午5:19:21,2024年9月26日 上午5:19:21,,[Sakurato] Yoru no Kurage wa Oyogenai [01][AVC-8bit 1080p AAC][CHS].mp4
2024年9月26日 上午5:04:31,2024年9月26日 上午5:04:31,Movies,Delicious in Dungeon
2024年9月26日 上午4:16:23,2024年9月26日 上午4:48:07,Movies,Delicious in Dungeon
2024年9月26日 上午4:42:19,2024年9月26日 上午4:42:19,,[KitaujiSub] Shuumatsu Train Doko e Iku [03][WebRip][HEVC_AAC][CHS].mp4
2024年9月26日 上午4:28:32,2024年9月26日 上午4:28:32,,[LoliHouse] Sasaki to P-chan - 12 [WebRip 1080p HEVC-10bit AAC ASSx2].mkv
2024年9月26日 上午4:21:05,2024年9月26日 上午4:21:05,Movies,Wind Breaker
2024年9月24日 上午8:49:33,2024年9月24日 上午8:49:33,,setup_gdysgl001_v120.7z
2024年9月24日 上午8:49:33,2024年9月24日 上午8:49:33,,setup_gdysgl001_v120.7z
2024年10月4日 上午7:13:24,2024年10月4日 上午7:13:24,,[ANi] 膽大黨 - 01 [1080P][Baha][WEB-DL][AAC AVC][CHT].mp4
2024年10月3日 上午4:15:44,2024年10月3日 上午4:55:37,,[MingY] Senpai wa Otokonoko [12][1080p][CHS&JPN].mp4
2024年10月7日 下午2:55:36,2024年10月7日 下午6:56:22,,[LoliHouse] Yozakura-san Chi no Daisakusen - 27 [WebRip 1080p HEVC-10bit AAC ASSx2].mkv
2024年10月6日 下午4:34:19,2024年10月6日 下午4:56:56,,[ANi] 嘆氣的亡靈想隱退 - 02 [1080P][Baha][WEB-DL][AAC AVC][CHT].mp4
2024年10月6日 上午11:27:11,2024年10月6日 上午11:27:11,,[ANi] 女僕冥土小姐 - 01 [1080P][Baha][WEB-DL][AAC AVC][CHT].mp4
2024年10月5日 下午10:35:23,2024年10月5日 下午10:35:23,,[LoliHouse] Katsute Mahou Shoujo to Aku wa Tekitai shiteita [01-12][WebRip 1080p HEVC-10bit AAC]
2024年10月5日 下午12:57:39,2024年10月5日 下午12:57:39,,[ANi] 聽說你們要結婚！？ - 01 [1080P][Baha][WEB-DL][AAC AVC][CHT].mp4
2024年10月5日 上午10:19:33,2024年10月5日 上午10:19:33,,[ANi] 在地下城尋求邂逅是否搞錯了什麼 第五季 - 01 [1080P][Baha][WEB-DL][AAC AVC][CHT].mp4
2024年10月6日 上午7:18:34,2024年10月6日 上午7:18:34,Movies,Tulsa King
2024年10月4日 上午8:40:11,2024年10月4日 上午8:40:11,XXX,Kennedy Leigh - Jules Jordan Gets A Taste Of Sweet Teen Ass.mp4
2024年10月4日 上午2:45:44,2024年10月4日 上午2:45:44,,[ANi] 膽大黨 - 01 [1080P][Baha][WEB-DL][AAC AVC][CHT].mp4
2024年10月3日 下午1:33:25,2024年10月7日 上午11:21:11,,西君
2024年10月3日 上午2:58:32,2024年10月3日 上午2:58:32,,[ANi] 結緣甘神神社 - 01 [1080P][Baha][WEB-DL][AAC AVC][CHT].mp4
2024年9月23日 上午9:49:59,2024年9月24日 上午8:49:33,,setup_gdysgl001_v120.7z
2024年10月6日 上午10:55:52,2024年10月6日 上午10:55:52,,[Nekomoe kissaten][Ao no Hako][02][1080p][JPSC].mp4
2024年10月6日 上午10:42:16,2024年10月6日 上午10:42:16,,[KitaujiSub] Make Heroine ga Oosugiru! [12][WebRip][HEVC_AAC][CHS_JP&CHT_JP].mkv
2024年10月5日 上午10:50:47,2024年10月5日 上午10:56:09,,蓝箱EP01.mp4
2024年9月24日 上午8:49:31,2024年9月24日 上午8:49:31,,setup_gdysgl001_v120.7z
2024年10月7日 上午4:52:19,2024年10月7日 上午4:52:19,,[ANi] 【我推的孩子】 - 24 [1080P][Baha][WEB-DL][AAC AVC][CHT].mp4
2024年10月5日 下午1:11:04,2024年10月5日 下午1:11:04,,[ANi] 膽大黨 - 01 [1080P][Baha][WEB-DL][AAC AVC][CHT].mp4
2024年10月4日 上午1:59:52,2024年10月4日 上午1:59:52,,[ANi] 聽說你們要結婚！？ - 01 [1080P][Baha][WEB-DL][AAC AVC][CHT].mp4
2024年9月24日 上午9:16:07,2024年9月24日 上午9:16:07,XXX,2128.【1234VV.COM】-顶级牛逼大师驾到！魔豆圈内大牌人体摄影巨佬【王动WANIMAL】未流出拍摄花絮
2024年9月24日 上午8:15:50,2024年9月24日 上午8:15:50,,595
2024年10月6日 上午11:41:20,2024年10月6日 下午4:41:24,,[Comicat][Giji Harem][01-12][1080P][GB][MP4]
2024年10月6日 下午3:46:25,2024年10月6日 下午3:46:25,XXX,FC2PPV-4544448
2024年9月24日 上午10:50:27,2024年9月24日 上午10:50:27,,setup_gdysgl001_v120.7z
2024年10月6日 上午3:45:28,2024年10月6日 上午3:45:28,,[Sakurato] Monogatari Series： Off & Monster Season [11][AVC-8bit 1080p AAC][CHS].mp4
2024年10月3日 下午4:53:05,2024年10月3日 下午4:53:05,Movies,Made in Abyss
2024年10月7日 上午4:56:35,2024年10月7日 上午4:56:35,,(同人誌) [クラウドノイズ (マ熊イケル)] 私の妻が他人のセフレに堕ちるまで.zip
2024年10月7日 上午4:36:09,2024年10月7日 上午4:36:09,,(C103) [みたらし倶楽部 (みたらし侯成)] 秋子さんといっしょ29 (カノン) [無修正] [DL版].zip
2024年10月7日 上午3:59:01,2024年10月7日 上午3:59:01,,(同人誌) [ie] 心配だと言われて連れて来られた飲み会 (オリジナル).zip
2024年10月7日 上午3:18:27,2024年10月7日 上午3:18:27,,(同人誌) [JKぱすた (倉田むと)] パコパコ催眠JK5～生意気ギャルの放課後性事情～ (オリジナル) [DL版].zip
2024年10月4日 上午10:36:37,2024年10月4日 下午1:36:29,,[KitaujiSub] Make Heroine ga Oosugiru! [12][WebRip][HEVC_AAC][CHS_JP].mp4
2024年10月4日 上午5:48:29,2024年10月4日 上午5:48:29,,[ANi] 聽說你們要結婚！？ - 01 [1080P][Baha][WEB-DL][AAC AVC][CHT].mp4
2024年10月4日 上午5:47:41,2024年10月4日 上午5:47:41,,[ANi] 膽大黨 - 01 [1080P][Baha][WEB-DL][AAC AVC][CHT].mp4
2024年10月5日 下午1:43:28,2024年10月5日 下午1:43:28,,[ANi] 刀劍神域外傳 Gun Gale Online II - 01 [1080P][Baha][WEB-DL][AAC AVC][CHT].mp4
2024年10月3日 上午4:05:23,2024年10月3日 上午4:05:23,,死S与金G狼.6v电影 地址发布页 www.6v123.net 收藏不迷路
2024年9月23日 上午9:49:55,2024年9月23日 上午9:49:55,,setup_gdysgl001_v120.7z
2024年10月7日 上午5:15:00,2024年10月7日 上午5:15:00,,小伙约操高颜值女同事⭐说好只拍操逼不拍她脸⭐脸也录下来了
2024年10月4日 下午12:03:21,2024年10月4日 下午12:03:21,,[ANi] 膽大黨 - 01 [1080P][Baha][WEB-DL][AAC AVC][CHT].mp4
2024年10月4日 上午8:29:55,2024年10月4日 上午8:29:55,,[ANi] Re：從零開始的異世界生活 第三季 - 01 [1080P][Baha][WEB-DL][AAC AVC][CHT].mp4
2024年10月6日 上午1:19:44,2024年10月6日 上午1:19:44,,琉璃神社壁纸包 2024年9月号.zip
2024年10月4日 上午1:57:42,2024年10月4日 上午1:57:42,,西君
2024年9月24日 下午7:23:21,2024年9月25日 下午8:30:36,,[DBD-Raws][租借女友 第三季][01-12TV全集][1080P][BDRip][HEVC-10bit][简繁外挂][FLACx2][MKV]
2024年9月24日 上午3:49:11,2024年9月24日 上午3:49:11,,setup_gdysgl001_v120.7z
2024年10月4日 上午5:46:28,2024年10月5日 上午2:21:43,,[ANi] Re：從零開始的異世界生活 第三季 - 01 [1080P][Baha][WEB-DL][AAC AVC][CHT].mp4
2024年10月7日 上午11:08:30,2024年10月7日 上午11:08:30,,[Nekomoe kissaten][Ao no Hako][02][1080p][JPSC].mp4
2024年10月4日 上午8:56:42,2024年10月4日 上午8:56:42,Movies,Tell Me Lies
2024年10月7日 下午3:24:00,2024年10月7日 下午4:55:12,Movies,Delicious in Dungeon
2024年10月7日 下午3:31:18,2024年10月7日 下午4:31:16,Movies,Ragna Crimson
2024年10月7日 下午3:25:29,2024年10月7日 下午4:25:26,,[KitaujiSub] Katsute Mahou Shoujo to Aku wa Tekitai shiteita [12][WebRip][HEVC_AAC][CHS_JP&CHT_JP].mkv
2024年10月7日 下午3:18:29,2024年10月7日 下午4:18:42,,[KitaujiSub] Katsute Mahou Shoujo to Aku wa Tekitai shiteita [10][WebRip][HEVC_AAC][CHS_JP].mp4
2024年10月7日 下午3:18:46,2024年10月7日 下午4:18:28,,[LoliHouse] Isekai Shikkaku [01-12][WebRip 1080p HEVC-10bit AAC]
2024年10月7日 上午8:18:29,2024年10月7日 下午4:17:29,,[LoliHouse] Isekai Shikkaku - 12 [WebRip 1080p HEVC-10bit AAC SRTx2].mkv
2024年10月7日 下午4:15:50,2024年10月7日 下午4:15:50,Movies,Wind Breaker
2024年10月7日 下午4:14:38,2024年10月7日 下午4:14:38,Movies,Delicious in Dungeon
2024年10月7日 下午4:03:46,2024年10月7日 下午4:03:46,Movies,Delicious in Dungeon
2024年10月7日 下午3:02:22,2024年10月7日 下午4:02:33,Movies,Delicious in Dungeon
2024年10月7日 下午4:01:50,2024年10月7日 下午4:02:16,Movies,Metallic Rouge
2024年10月7日 下午3:47:29,2024年10月7日 下午3:47:29,Movies,"Maou no Ore ga Dorei Elf wo Yome ni Shitanda ga, Dou Medereba Ii?"
2024年10月7日 下午3:01:03,2024年10月7日 下午3:01:03,,[Sakurato] Yoru no Kurage wa Oyogenai [02][AVC-8bit 1080p AAC][CHS].mp4
2024年10月7日 上午5:04:46,2024年10月7日 上午11:48:34,,[ANi] 膽大黨 - 01 [1080P][Baha][WEB-DL][AAC AVC][CHT].mp4
2024年9月24日 下午1:13:36,2024年10月7日 下午3:43:59,Movies,"Maou no Ore ga Dorei Elf wo Yome ni Shitanda ga, Dou Medereba Ii?"
2024年9月24日 上午5:15:46,2024年9月25日 下午3:26:29,Movies,Shiro Seijo to Kuro Bokushi
2024年9月24日 上午11:52:26,2024年9月25日 下午3:09:43,,[KitaujiSub] Shuumatsu Train Doko e Iku [05][WebRip][HEVC_AAC][CHS].mp4
2024年9月24日 下午3:16:58,2024年9月24日 下午3:16:58,Movies,Metallic Rouge
2024年9月24日 下午1:35:30,2024年9月24日 下午1:35:30,Movies,Delicious in Dungeon
2024年9月24日 下午12:01:42,2024年9月24日 下午12:01:42,,[KitaujiSub] Shuumatsu Train Doko e Iku [03][WebRip][HEVC_AAC][CHS].mp4
2024年9月24日 上午5:02:28,2024年9月24日 上午5:02:50,,[KitaujiSub] Shuumatsu Train Doko e Iku [02][WebRip][HEVC_AAC][CHS].mp4
2024年9月23日 上午8:48:35,2024年9月24日 上午8:49:33,,setup_gdysgl001_v120.7z
2024年10月5日 上午5:47:20,2024年10月5日 上午5:47:20,,[ANi] 結緣甘神神社 - 01 [1080P][Baha][WEB-DL][AAC AVC][CHT].mp4
2024年10月5日 上午1:50:23,2024年10月5日 上午5:20:31,,[ANi] 刀劍神域外傳 Gun Gale Online II - 01 [1080P][Baha][WEB-DL][AAC AVC][CHT].mp4
2024年10月5日 上午1:49:14,2024年10月5日 上午1:49:14,,[ANi] 2.5 次元的誘惑 - 14 [1080P][Baha][WEB-DL][AAC AVC][CHT].mp4
2024年9月24日 上午9:49:20,2024年9月24日 上午9:49:20,,setup_gdysgl001_v120.7z
2024年10月7日 下午12:40:55,2024年10月7日 下午12:40:55,Movies,Dandadan
2024年10月4日 上午8:23:40,2024年10月4日 上午8:23:40,Movies,Re:Zero kara hajimeru isekai seikatsu
2024年10月7日 上午12:55:52,2024年10月7日 上午1:08:50,,[Nekomoe kissaten][Ao no Hako][02][1080p][JPSC].mp4
2024年10月7日 上午2:04:18,2024年10月7日 上午6:53:11,XXX,kfa55.com@JJDA-008
2024年10月7日 上午2:03:56,2024年10月7日 上午2:03:56,XXX,kfa55.com@AED231
2024年10月7日 上午12:55:54,2024年10月7日 上午12:55:54,XXX,ARAN049
2024年10月6日 下午8:56:11,2024年10月7日 上午6:47:54,,APNS263
2024年10月6日 下午8:44:35,2024年10月7日 上午4:45:15,XXX,kfa55.com@ARMM043
2024年10月6日 下午11:45:08,2024年10月6日 下午11:45:08,,100324_100-paco
2024年10月6日 上午12:56:36,2024年10月6日 上午12:56:36,XXX,kfa55.com@DLDSS348
2024年10月7日 上午9:50:37,2024年10月7日 上午10:57:45,,[ANi] 女僕冥土小姐 - 01 [1080P][Baha][WEB-DL][AAC AVC][CHT].mp4
2024年10月6日 上午11:41:20,2024年10月6日 下午4:41:32,,[Comicat][Giji Harem][01-12][1080P][GB][MP4]
2024年10月5日 上午4:53:37,2024年10月5日 上午4:53:37,,[ANi] 2.5 次元的誘惑 - 14 [1080P][Baha][WEB-DL][AAC AVC][CHT].mp4
2024年10月4日 下午1:23:51,2024年10月4日 下午1:23:51,,[ANi] 膽大黨 - 01 [1080P][Baha][WEB-DL][AAC AVC][CHT].mp4
2024年10月4日 下午12:16:55,2024年10月4日 下午12:16:55,,[ANi] 再見龍生，你好人生 - 01 [1080P][Baha][WEB-DL][AAC AVC][CHT].mp4
2024年10月4日 下午12:16:12,2024年10月4日 下午12:16:12,,[ANi] 在地下城尋求邂逅是否搞錯了什麼 第五季 - 01 [1080P][Baha][WEB-DL][AAC AVC][CHT].mp4
2024年10月3日 下午9:12:40,2024年10月3日 下午9:12:40,,[ANi] 悲喜漁生（僅限港澳台地區） - 01 [1080P][Bilibili][WEB-DL][AAC AVC][CHT CHS].mp4
2024年9月25日 上午5:55:46,2024年9月25日 上午5:55:46,XXX,ABF-083-UC
2024年10月7日 上午11:08:26,2024年10月7日 下午1:08:23,,[Nekomoe kissaten][Ao no Hako][02][1080p][JPSC].mp4
2024年10月7日 上午5:15:04,2024年10月7日 上午5:15:04,,小伙约操高颜值女同事⭐说好只拍操逼不拍她脸⭐脸也录下来了
2024年10月4日 下午12:56:59,2024年10月4日 下午12:56:59,XXX,kfa55.com@DDH-274
2024年10月3日 上午8:41:16,2024年10月3日 上午8:41:16,XXX,推特X先生約白富美開房穿女僕情趣後入猛肏淫液氾濫／翹臀少婦尤物車內自慰蹲地深喉撕裂黑絲激情野戰等 720p
2024年10月7日 上午5:23:22,2024年10月7日 上午5:23:22,Movies,Deadpool & Wolverine
2024年10月7日 上午5:22:44,2024年10月7日 上午5:22:44,Movies,Azrael
2024年10月7日 上午5:04:56,2024年10月7日 下午12:50:32,,[ANi] 膽大黨 - 01 [1080P][Baha][WEB-DL][AAC AVC][CHT].mp4
2024年10月7日 上午8:19:23,2024年10月7日 下午4:18:28,,[LoliHouse] Isekai Shikkaku [01-12][WebRip 1080p HEVC-10bit AAC]
2024年10月7日 下午4:15:50,2024年10月7日 下午4:15:50,Movies,Wind Breaker
2024年10月7日 下午3:03:42,2024年10月7日 下午4:03:39,Movies,Delicious in Dungeon
2024年10月7日 下午4:02:31,2024年10月7日 下午4:02:31,Movies,Delicious in Dungeon
2024年10月7日 下午3:24:17,2024年10月7日 下午3:55:25,Movies,Delicious in Dungeon
2024年10月7日 下午3:53:43,2024年10月7日 下午3:53:43,,[KitaujiSub] Katsute Mahou Shoujo to Aku wa Tekitai shiteita [12][WebRip][HEVC_AAC][CHS_JP].mp4
2024年10月7日 下午3:43:59,2024年10月7日 下午3:43:59,Movies,"Maou no Ore ga Dorei Elf wo Yome ni Shitanda ga, Dou Medereba Ii?"
2024年10月7日 下午3:31:18,2024年10月7日 下午3:31:18,Movies,Ragna Crimson
2024年10月7日 下午3:25:29,2024年10月7日 下午3:25:29,,[KitaujiSub] Katsute Mahou Shoujo to Aku wa Tekitai shiteita [12][WebRip][HEVC_AAC][CHS_JP&CHT_JP].mkv
2024年10月7日 上午8:19:19,2024年10月7日 下午3:18:21,,[KitaujiSub] Katsute Mahou Shoujo to Aku wa Tekitai shiteita [10][WebRip][HEVC_AAC][CHS_JP].mp4
2024年10月7日 上午8:18:35,2024年10月7日 下午3:17:27,,[LoliHouse] Isekai Shikkaku - 12 [WebRip 1080p HEVC-10bit AAC SRTx2].mkv
2024年10月7日 下午3:01:03,2024年10月7日 下午3:01:03,,[Sakurato] Yoru no Kurage wa Oyogenai [02][AVC-8bit 1080p AAC][CHS].mp4
2024年9月23日 上午8:48:35,2024年9月23日 上午8:48:35,,setup_gdysgl001_v120.7z
2024年10月7日 上午9:56:31,2024年10月7日 上午9:56:31,,[ANi] 嘆氣的亡靈想隱退 - 02 [1080P][Baha][WEB-DL][AAC AVC][CHT].mp4
2024年10月6日 下午3:46:51,2024年10月6日 下午3:46:51,XXX,FC2PPV-4544448
2024年10月4日 上午2:45:41,2024年10月4日 上午2:45:41,,[ANi] 膽大黨 - 01 [1080P][Baha][WEB-DL][AAC AVC][CHT].mp4
2024年10月3日 上午2:58:52,2024年10月3日 上午2:58:52,,[ANi] 結緣甘神神社 - 01 [1080P][Baha][WEB-DL][AAC AVC][CHT].mp4
2024年10月6日 下午12:49:46,2024年10月6日 下午12:49:46,,[荻原沙优][ばにぃうぉ～か～]OVA 陰キャカップルが陽ギャル達とSEXトレーニン#1-2
2024年10月6日 上午10:55:52,2024年10月6日 上午10:55:52,,[Nekomoe kissaten][Ao no Hako][02][1080p][JPSC].mp4
2024年10月5日 上午10:56:37,2024年10月5日 上午10:56:37,,[Up to 21°C] Ao no Hako - 01 (ABEMA 1920x1080 AVC AAC MP4) [469D0B19].mp4
2024年10月4日 上午5:26:50,2024年10月4日 上午5:26:50,,[ANi] 聽說你們要結婚！？ - 01 [1080P][Baha][WEB-DL][AAC AVC][CHT].mp4
2024年10月3日 下午12:56:19,2024年10月3日 下午12:56:19,,[ANi] Re：從零開始的異世界生活 第三季 - 01 [1080P][Baha][WEB-DL][AAC AVC][CHT].mp4
2024年9月26日 下午5:39:10,2024年9月26日 下午5:39:10,,[Sakurato] Yoru no Kurage wa Oyogenai [01][AVC-8bit 1080p AAC][CHS].mp4
2024年9月26日 上午7:28:58,2024年9月26日 下午4:48:03,Books,知音漫客大全套2006-2022 共650本
2024年9月26日 上午8:15:03,2024年9月26日 下午4:30:49,Movies,"Maou no Ore ga Dorei Elf wo Yome ni Shitanda ga, Dou Medereba Ii?"
2024年9月26日 下午4:27:16,2024年9月26日 下午4:27:16,Movies,Metallic Rouge
2024年9月26日 下午4:09:46,2024年9月26日 下午4:09:46,Movies,"Maou no Ore ga Dorei Elf wo Yome ni Shitanda ga, Dou Medereba Ii?"
2024年9月26日 下午3:58:50,2024年9月26日 下午3:58:50,Movies,Delicious in Dungeon
2024年9月26日 上午9:07:49,2024年9月26日 下午2:28:45,Movies,Frieren: Beyond Journey's End
2024年9月26日 上午6:59:32,2024年9月26日 下午1:59:35,Movies,Delicious in Dungeon
2024年9月26日 下午1:54:39,2024年9月26日 下午1:54:39,Movies,Delicious in Dungeon
2024年9月26日 上午7:14:11,2024年9月26日 上午7:14:11,Movies,Delicious in Dungeon
2024年9月26日 上午7:10:54,2024年9月26日 上午7:10:54,,[Sakurato] Yoru no Kurage wa Oyogenai [03][AVC-8bit 1080p AAC][CHS].mp4
2024年10月3日 上午7:57:11,2024年10月3日 下午4:53:05,Movies,Made in Abyss
2024年9月25日 下午4:50:01,2024年9月25日 下午4:50:01,,fnx-aircraft-320-v2-0-0-407.rar
2024年9月23日 上午8:48:35,2024年9月23日 上午8:48:35,,setup_gdysgl001_v120.7z
2024年10月5日 下午1:43:17,2024年10月5日 下午1:43:17,,[ANi] 刀劍神域外傳 Gun Gale Online II - 01 [1080P][Baha][WEB-DL][AAC AVC][CHT].mp4
2024年10月6日 上午3:45:28,2024年10月6日 上午5:45:31,,[Sakurato] Monogatari Series： Off & Monster Season [11][AVC-8bit 1080p AAC][CHS].mp4
2024年10月6日 上午7:58:17,2024年10月6日 上午7:58:17,Movies,Boku no Hero Academia
2024年10月6日 下午7:04:14,2024年10月7日 下午9:55:09,Music,"The Economist Audio Edition - September 07, 2024 mp3"
2024年10月5日 下午1:10:22,2024年10月7日 上午11:14:12,Movies,The Master and Margarita
2024年10月4日 上午7:13:49,2024年10月4日 上午7:13:49,,[ANi] 膽大黨 - 01 [1080P][Baha][WEB-DL][AAC AVC][CHT].mp4
2024年10月4日 下午11:09:25,2024年10月7日 上午8:30:18,XXX,Kennedy Leigh - Jules Jordan Gets A Taste Of Sweet Teen Ass.mp4
2024年10月3日 下午1:33:25,2024年10月7日 上午11:21:11,,西君
2024年9月26日 上午4:16:23,2024年9月26日 上午6:16:16,Movies,Delicious in Dungeon
2024年9月26日 上午5:45:52,2024年9月26日 上午5:45:52,,[KitaujiSub] Shuumatsu Train Doko e Iku [01v2][WebRip][HEVC_AAC][CHS].mp4
2024年9月26日 上午5:35:00,2024年9月26日 上午5:35:00,Movies,Ragna Crimson
2024年9月26日 上午5:02:20,2024年9月26日 上午5:02:20,Movies,Delicious in Dungeon
2024年9月26日 上午4:42:19,2024年9月26日 上午4:42:19,,[KitaujiSub] Shuumatsu Train Doko e Iku [03][WebRip][HEVC_AAC][CHS].mp4
2024年9月26日 上午4:28:32,2024年9月26日 上午4:28:32,,[LoliHouse] Sasaki to P-chan - 12 [WebRip 1080p HEVC-10bit AAC ASSx2].mkv
2024年9月26日 上午4:21:05,2024年9月26日 上午4:21:05,Movies,Wind Breaker
2024年10月7日 上午5:25:07,2024年10月7日 下午10:55:51,,[Nekomoe kissaten&LoliHouse] KamiErabi GOD.app - 13 [WebRip 1080p HEVC-10bit AAC ASSx2].mkv
2024年10月7日 下午12:42:57,2024年10月7日 下午12:42:57,Movies,Dandadan
2024年10月5日 下午12:55:44,2024年10月7日 下午11:46:18,,蓝箱EP01.mp4
2024年10月5日 上午10:11:49,2024年10月7日 上午7:47:07,,[炫樱字幕组] 成为名垂青史的反派大小姐吧  Rekishi ni Nokoru Akujo ni Naru zo - 01 (1920x1080 H264).mp4
2024年10月4日 上午8:24:41,2024年10月4日 上午8:24:41,Movies,Re:Zero kara hajimeru isekai seikatsu
2024年10月4日 上午9:31:01,2024年10月4日 下午2:18:05,,[ANi] 當不成魔法師的女孩 - 01 [1080P][Baha][WEB-DL][AAC AVC][CHT].mp4
2024年10月7日 上午4:36:09,2024年10月7日 上午5:35:41,,(C103) [みたらし倶楽部 (みたらし侯成)] 秋子さんといっしょ29 (カノン) [無修正] [DL版].zip
2024年10月7日 上午3:59:01,2024年10月7日 上午3:59:01,,(同人誌) [ie] 心配だと言われて連れて来られた飲み会 (オリジナル).zip
2024年10月7日 上午3:44:14,2024年10月7日 上午3:44:14,TV,Баскетбол.НБА.Р.Ч.Бося-Милка.20.03.2024.ВМ.720p.60fps.Мосгортранс.mkv
2024年10月7日 上午3:18:27,2024年10月7日 上午3:18:27,,(同人誌) [JKぱすた (倉田むと)] パコパコ催眠JK5～生意気ギャルの放課後性事情～ (オリジナル) [DL版].zip
2024年9月23日 上午8:48:35,2024年9月23日 上午9:49:52,,setup_gdysgl001_v120.7z
2024年10月7日 上午3:27:11,2024年10月7日 上午3:27:11,,琉璃神社壁纸包 2024年3月号.7z
2024年10月6日 下午7:12:52,2024年10月7日 下午4:13:35,,[荻原沙优][あんてきぬすっ]OVAみだれうち ＃1-#2
2024年10月5日 下午3:15:38,2024年10月5日 下午3:15:38,,琉璃神社壁纸包 2024年4月号.zip
2024年10月4日 下午5:26:24,2024年10月7日 下午4:33:01,,COMIC BAVEL 2024年3月号 [中国翻訳] [無修正] [DL版].zip
2024年9月23日 上午8:48:35,2024年9月23日 上午8:48:35,,setup_gdysgl001_v120.7z
2024年10月7日 上午12:56:00,2024年10月7日 上午1:08:53,,[Nekomoe kissaten][Ao no Hako][02][1080p][JPSC].mp4
2024年10月3日 上午12:55:29,2024年10月3日 下午8:11:49,,[MingY] Senpai wa Otokonoko [11][1080p][CHS&JPN].mp4
2024年10月3日 上午4:15:37,2024年10月3日 上午4:15:37,,[MingY] Senpai wa Otokonoko [12][1080p][CHS&JPN].mp4
2024年10月4日 下午2:26:44,2024年10月4日 下午2:26:44,,[orion origin] Nige Jouzu no Wakagimi [12] [END] [1080p] [H265 AAC] [CHS＆JPN].mp4
2024年10月3日 上午8:55:32,2024年10月3日 上午8:55:32,,RJ01267164.zip
2024年10月5日 上午8:56:00,2024年10月5日 上午8:56:00,,蓝箱EP02.mp4
2024年10月4日 上午2:00:01,2024年10月4日 上午2:00:01,,[ANi] 孤單一人的異世界攻略 - 02 [1080P][Baha][WEB-DL][AAC AVC][CHT].mp4
2024年9月23日 上午9:49:50,2024年9月23日 上午9:49:50,,setup_gdysgl001_v120.7z
2024年9月26日 上午7:13:23,2024年9月26日 上午7:13:23,XXX,510
2024年9月25日 上午6:21:59,2024年9月26日 上午6:26:27,XXX,298
2024年9月25日 上午9:23:23,2024年9月26日 上午4:53:23,,595
2024年9月25日 上午6:45:23,2024年9月25日 上午6:45:23,XXX,2128.【1234VV.COM】-顶级牛逼大师驾到！魔豆圈内大牌人体摄影巨佬【王动WANIMAL】未流出拍摄花絮
2024年10月7日 上午4:35:26,2024年10月7日 上午4:35:26,,RJ01045491.7z
2024年10月6日 下午6:56:49,2024年10月7日 下午11:48:34,,[Up to 21°C] 【我推的孩子】 - 24 (Baha 1920x1080 AVC AAC MP4) [7D9AC945].mp4
2024年9月24日 上午9:49:12,2024年9月24日 上午9:49:12,,setup_gdysgl001_v120.7z
2024年10月6日 上午1:19:44,2024年10月6日 上午1:19:44,,琉璃神社壁纸包 2024年9月号.zip
2024年10月7日 上午5:31:48,2024年10月7日 上午5:31:48,Movies,Joker: Folie à Deux
2024年9月24日 上午9:49:20,2024年9月24日 上午9:49:20,,setup_gdysgl001_v120.7z
2024年10月5日 下午2:20:05,2024年10月5日 下午2:20:05,Games,Farming Simulator 22 - Premium Edition [Steam-Rip] by Ksenia
2024年10月4日 下午1:01:58,2024年10月5日 上午7:28:32,Movies,Euphoria
2024年10月4日 下午2:32:10,2024年10月4日 下午2:32:10,XXX,510
2024年10月3日 上午6:54:47,2024年10月5日 上午5:09:24,,FKDYZJ
2024年10月3日 上午5:21:24,2024年10月5日 上午3:23:55,,8
2024年10月3日 上午7:04:30,2024年10月5日 上午3:18:37,,ww0407 (4)
2024年10月3日 下午1:06:11,2024年10月3日 下午1:06:11,XXX,298
2024年10月3日 上午10:45:24,2024年10月3日 上午10:45:24,,2073.【1234VV.COM】-顶级身材反差网红！推特喜欢露出的女神【爱LC的小狐狸】私拍，超市景区娱乐场各种日常性感出行
2024年9月24日 上午9:16:07,2024年10月4日 上午11:08:09,XXX,2128.【1234VV.COM】-顶级牛逼大师驾到！魔豆圈内大牌人体摄影巨佬【王动WANIMAL】未流出拍摄花絮
2024年9月24日 上午8:49:33,2024年9月24日 上午8:49:33,,setup_gdysgl001_v120.7z
2024年10月6日 下午12:26:34,2024年10月6日 下午2:56:26,,[hyakuhuyu][Oshi no Ko][23][1080p AVC AAC][CHS].mp4
2024年9月24日 上午9:49:20,2024年9月24日 上午9:49:20,,setup_gdysgl001_v120.7z
2024年9月24日 上午3:49:23,2024年9月24日 上午8:49:35,,setup_gdysgl001_v120.7z
2024年9月24日 上午3:49:23,2024年9月24日 上午8:49:33,,setup_gdysgl001_v120.7z
2024年10月5日 上午1:51:23,2024年10月5日 上午4:20:35,,[ANi] 刀劍神域外傳 Gun Gale Online II - 01 [1080P][Baha][WEB-DL][AAC AVC][CHT].mp4
2024年10月5日 上午1:48:38,2024年10月5日 上午1:48:38,,[ANi] 2.5 次元的誘惑 - 14 [1080P][Baha][WEB-DL][AAC AVC][CHT].mp4
2024年10月4日 上午5:48:40,2024年10月4日 上午5:48:40,,[ANi] 聽說你們要結婚！？ - 01 [1080P][Baha][WEB-DL][AAC AVC][CHT].mp4
2024年9月24日 上午9:49:15,2024年9月24日 上午9:49:15,,setup_gdysgl001_v120.7z
2024年10月7日 下午4:56:33,2024年10月7日 下午4:56:33,,[LoliHouse] Yozakura-san Chi no Daisakusen - 27 [WebRip 1080p HEVC-10bit AAC ASSx2].mkv
2024年10月6日 下午4:33:11,2024年10月6日 下午4:33:11,,[ANi] 嘆氣的亡靈想隱退 - 02 [1080P][Baha][WEB-DL][AAC AVC][CHT].mp4
2024年10月5日 下午5:27:23,2024年10月5日 下午5:27:23,Movies,Dandadan
2024年10月5日 上午10:27:44,2024年10月5日 上午10:27:44,,[ANi] 悲喜漁生（僅限港澳台地區） - 01 [1080P][Bilibili][WEB-DL][AAC AVC][CHT CHS].mp4
2024年10月4日 上午8:29:07,2024年10月4日 上午8:29:07,,[ANi] Re：從零開始的異世界生活 第三季 - 01 [1080P][Baha][WEB-DL][AAC AVC][CHT].mp4
2024年9月25日 下午2:53:16,2024年9月25日 下午2:53:16,Movies,7th Time Loop: The Villainess Enjoys a Carefree Life Married to Her Worst Enemy
2024年9月24日 上午6:28:12,2024年9月24日 下午4:08:12,Movies,Delicious in Dungeon
2024年9月24日 下午2:55:00,2024年9月24日 下午2:55:00,Movies,Shiro Seijo to Kuro Bokushi
2024年9月24日 上午4:27:09,2024年9月24日 下午2:07:01,Movies,"Maou no Ore ga Dorei Elf wo Yome ni Shitanda ga, Dou Medereba Ii?"
2024年9月24日 下午12:48:18,2024年9月24日 下午12:48:18,,[KitaujiSub] Shuumatsu Train Doko e Iku [01v2][WebRip][HEVC_AAC][CHS].mp4
2024年9月24日 上午6:29:14,2024年9月24日 上午6:29:14,,[ANi] 夢想成為魔法少女 [年齡限制版] - 13 [1080P][Baha][WEB-DL][AAC AVC][CHT].mp4
2024年9月24日 上午5:37:10,2024年9月24日 上午5:37:10,Movies,Metallic Rouge
2024年9月23日 上午6:51:20,2024年9月25日 下午3:09:43,,[KitaujiSub] Shuumatsu Train Doko e Iku [05][WebRip][HEVC_AAC][CHS].mp4
2024年9月23日 上午8:24:17,2024年9月24日 下午1:25:52,Movies,"Maou no Ore ga Dorei Elf wo Yome ni Shitanda ga, Dou Medereba Ii?"
2024年9月23日 下午2:04:07,2024年9月24日 上午9:24:42,Movies,Ragna Crimson
2024年9月23日 上午8:48:35,2024年9月23日 上午8:48:35,,setup_gdysgl001_v120.7z
2024年9月23日 上午8:48:35,2024年9月23日 上午8:48:35,,setup_gdysgl001_v120.7z
2024年10月6日 上午8:23:11,2024年10月6日 上午8:23:11,Movies,Deadpool & Wolverine
2024年10月4日 上午1:57:42,2024年10月4日 上午1:57:42,,西君
2024年9月24日 下午7:23:21,2024年9月25日 下午8:30:36,,[DBD-Raws][租借女友 第三季][01-12TV全集][1080P][BDRip][HEVC-10bit][简繁外挂][FLACx2][MKV]
